dataset,arch,defesa,n_none,n_def,mse_none,mse_def,t,p_bruto,d_cohen,p_holm
mnist,mlp,Top-k,30,30,0.5134,0.1042,-3.411,1.512e-03,-0.88,3.327e-02
mnist,mlp,recorte e ruido,30,30,0.5134,1.0996,4.882,1.789e-05,1.26,4.651e-04
mnist,mlp,Random-k,30,30,0.5134,0.1418,-3.121,3.427e-03,-0.81,6.853e-02
mnist,mlp,QSGD,30,30,0.5134,0.19,-2.449,1.789e-02,-0.63,3.041e-01
mnist,cnn,Top-k,29,30,0.3188,0.4575,0.902,3.714e-01,0.23,1.000e+00
mnist,cnn,recorte e ruido,29,30,0.3188,0.314,-0.052,9.589e-01,-0.01,1.000e+00
mnist,cnn,Random-k,29,28,0.3188,0.3126,-0.045,9.639e-01,-0.01,1.000e+00
mnist,cnn,QSGD,29,30,0.3188,0.2584,-0.49,6.259e-01,-0.13,1.000e+00
mnist,vit,Top-k,30,30,0.8967,1.1829,1.646,1.052e-01,0.42,1.000e+00
mnist,vit,recorte e ruido,30,30,0.8967,1.6213,5.632,4.270e-06,1.45,1.238e-04
mnist,vit,Random-k,30,30,0.8967,1.5338,4.525,5.247e-05,1.17,1.207e-03
mnist,vit,QSGD,30,30,0.8967,1.3481,2.85,6.230e-03,0.74,1.184e-01
fashion-mnist,mlp,Top-k,30,30,0.1299,0.0611,-0.948,3.507e-01,-0.24,1.000e+00
fashion-mnist,mlp,recorte e ruido,30,30,0.1299,1.3986,14.046,8.712e-20,3.63,2.962e-18
fashion-mnist,mlp,Random-k,30,30,0.1299,0.124,-0.082,9.354e-01,-0.02,1.000e+00
fashion-mnist,mlp,QSGD,30,30,0.1299,0.2282,0.839,4.052e-01,0.22,1.000e+00
fashion-mnist,cnn,Top-k,29,30,0.3603,0.0277,-2.399,2.315e-02,-0.64,3.704e-01
fashion-mnist,cnn,recorte e ruido,29,30,0.3603,0.356,-0.031,9.759e-01,-0.01,1.000e+00
fashion-mnist,cnn,Random-k,29,21,0.3603,1.5937,6.184,1.555e-07,1.74,4.819e-06
fashion-mnist,cnn,QSGD,29,23,0.3603,1.0052,2.768,8.339e-03,0.79,1.501e-01
fashion-mnist,vit,Top-k,30,30,1.2938,1.0113,-1.175,2.447e-01,-0.3,1.000e+00
fashion-mnist,vit,recorte e ruido,30,30,1.2938,2.113,4.856,3.696e-05,1.25,9.127e-04
fashion-mnist,vit,Random-k,30,29,1.2938,2.1139,4.858,3.651e-05,1.24,9.127e-04
fashion-mnist,vit,QSGD,30,30,1.2938,1.4409,0.617,5.398e-01,0.16,1.000e+00
cifar10,mlp,Top-k,30,30,0.0136,0.0019,-0.985,3.328e-01,-0.25,1.000e+00
cifar10,mlp,recorte e ruido,30,30,0.0136,0.3057,23.664,1.367e-22,6.11,4.783e-21
cifar10,mlp,Random-k,30,30,0.0136,0.0556,3.401,1.744e-03,0.88,3.662e-02
cifar10,mlp,QSGD,30,30,0.0136,0.0351,1.401,1.668e-01,0.36,1.000e+00
cifar10,cnn,Top-k,30,30,0.0092,0.0175,0.983,3.335e-01,0.25,1.000e+00
cifar10,cnn,recorte e ruido,30,30,0.0092,0.2756,34.133,2.278e-25,8.81,8.202e-24
cifar10,cnn,Random-k,30,30,0.0092,0.086,5.314,1.041e-05,1.37,2.914e-04
cifar10,cnn,QSGD,30,30,0.0092,0.0523,5.131,1.671e-05,1.32,4.512e-04
cifar10,vit,Top-k,30,30,0.0984,0.126,1.529,1.318e-01,0.39,1.000e+00
cifar10,vit,recorte e ruido,30,30,0.0984,0.2977,13.904,2.512e-18,3.59,8.290e-17
cifar10,vit,Random-k,30,30,0.0984,0.3033,15.997,2.527e-17,4.13,8.086e-16
cifar10,vit,QSGD,30,30,0.0984,0.211,5.267,2.680e-06,1.36,8.039e-05
