dataset,arch,defense,mse_mean,mse_std,label_acc,n
cifar10,cnn,dpsgd,0.27563908791383,0.04250825307764991,0.13333333333333333,30
cifar10,cnn,none,0.009211975318329844,0.004570701299873545,1.0,30
cifar10,cnn,qsgd,0.05229308253935207,0.04576037193677184,0.8666666666666667,30
cifar10,cnn,randomk,0.08600320624837124,0.07902441899279168,0.3,30
cifar10,cnn,topk,0.01752687570241446,0.04609135254355128,1.0,30
cifar10,mlp,dpsgd,0.3056881997614161,0.0186423025172938,0.2,30
cifar10,mlp,none,0.013607598389220415,0.064983733714181,1.0,30
cifar10,mlp,qsgd,0.0350644416531671,0.05306311208459146,0.8333333333333334,30
cifar10,mlp,randomk,0.055568233729446956,0.018525118314804193,0.2,30
cifar10,mlp,topk,0.001921726396054122,0.0008169309141519596,1.0,30
cifar10,vit,dpsgd,0.2976948641434432,0.040200856791947646,0.1,30
cifar10,vit,none,0.09837362010804712,0.06744612401528244,1.0,30
cifar10,vit,qsgd,0.21101533413794946,0.0957752908399289,0.7,30
cifar10,vit,randomk,0.3033363574885362,0.019386493493521426,0.23333333333333334,30
cifar10,vit,topk,0.12598395519745553,0.07237855887234802,1.0,30
fashion-mnist,cnn,dpsgd,0.3560446657414765,0.0547668631889948,0.3,30
fashion-mnist,cnn,none,0.3602542653292761,0.7412833532481898,1.0,29
fashion-mnist,cnn,qsgd,1.005230540469873,0.9018091280587242,0.36666666666666664,23
fashion-mnist,cnn,randomk,1.5936533719325279,0.6614598675642815,0.13333333333333333,21
fashion-mnist,cnn,topk,0.027703788350639743,0.08996537744945275,1.0,30
fashion-mnist,mlp,dpsgd,1.3986359965541346,0.3037288128086394,0.16666666666666666,30
fashion-mnist,mlp,none,0.12986000761620828,0.39053870012646597,1.0,30
fashion-mnist,mlp,qsgd,0.2281924631850811,0.5095778257396124,0.6333333333333333,30
fashion-mnist,mlp,randomk,0.12399388343411344,0.04623012889718752,0.13333333333333333,30
fashion-mnist,mlp,topk,0.0611227130600416,0.07322227352833194,1.0,30
fashion-mnist,vit,dpsgd,2.1129740553844494,0.06556032819189204,0.06666666666666667,30
fashion-mnist,vit,none,1.2938096840405824,0.9216118050352732,1.0,30
fashion-mnist,vit,qsgd,1.4408953391606611,0.9255124869918803,0.6,30
fashion-mnist,vit,randomk,2.113906348307727,0.07346470629807401,0.26666666666666666,29
fashion-mnist,vit,topk,1.0112884630447805,0.9403716443713894,1.0,30
mnist,cnn,dpsgd,0.3140263037983839,0.048005130462245915,0.06666666666666667,30
mnist,cnn,none,0.3188233360731908,0.4952093855432552,1.0,29
mnist,cnn,qsgd,0.25844685593060696,0.44873124986293267,0.26666666666666666,30
mnist,cnn,randomk,0.31260882481739166,0.5354948668567389,0.2,28
mnist,cnn,topk,0.4574509717612016,0.6750100252480151,1.0,30
mnist,mlp,dpsgd,1.0995746924582004,0.2588290594211769,0.16666666666666666,30
mnist,mlp,none,0.5133949431511976,0.6045711080245487,1.0,30
mnist,mlp,qsgd,0.19000455742429637,0.3972598855096711,0.4,30
mnist,mlp,randomk,0.14183189652730607,0.24450278006702683,0.3,30
mnist,mlp,topk,0.10416548212943884,0.2572570951928045,1.0,30
mnist,vit,dpsgd,1.6213206774340914,0.044951199650844396,0.0,30
mnist,vit,none,0.8967259594857574,0.7032346452678643,1.0,30
mnist,vit,qsgd,1.3480833038218616,0.5080739521055537,0.4666666666666667,30
mnist,vit,randomk,1.5337710551925134,0.31640699048477944,0.2,30
mnist,vit,topk,1.182869865198495,0.6420643095739644,1.0,30
