arch,dataset,defense,batch_size,test_acc_mean,test_acc_std,train_loss_mean,train_loss_std,n_runs
cnn,cifar10,dpsgd,1,0.12416666666666668,0.022305223345793847,2.4247363786850746,0.04260852620206768,30
cnn,cifar10,dpsgd,32,0.1245,0.021321431665717528,2.300026988601685,0.003402793024982814,30
cnn,cifar10,none,1,0.3810333333333334,0.02913640137452584,1.913750187394355,0.040714476297729896,30
cnn,cifar10,none,32,0.4262333333333333,0.022112070870023013,1.8400747977574667,0.02804445754524486,30
cnn,cifar10,qsgd,1,0.40513333333333335,0.024488890279603055,1.8332848722741433,0.012157725829659677,30
cnn,cifar10,qsgd,32,0.33303333333333335,0.024030847034497184,2.0674226525942485,0.016414308221493635,30
cnn,cifar10,randomk,1,0.41519999999999996,0.020747081223881695,1.8383655253917008,0.014650903083423235,30
cnn,cifar10,randomk,32,0.3899,0.019270041067901762,1.941851734352112,0.015092754498752761,30
cnn,cifar10,topk,1,0.3853,0.03090826248198323,1.9075321088027906,0.03491689853627421,30
cnn,cifar10,topk,32,0.4064,0.01798581816800152,1.880442013422648,0.01896850921923614,30
mlp,cifar10,dpsgd,1,0.1272,0.01942163741809634,2.808169396049362,0.04580459982434105,30
mlp,cifar10,dpsgd,32,0.12293333333333334,0.01893169816477906,2.299455911509196,0.007923097304639306,30
mlp,cifar10,none,1,0.19546666666666665,0.025798601049125777,2.2764525498645614,0.02163139750973145,30
mlp,cifar10,none,32,0.35136666666666666,0.014252606133938982,1.9400051330566406,0.008217689297651595,30
mlp,cifar10,qsgd,1,0.31506666666666666,0.02288943941606281,2.0322187334713546,0.009957213791012857,30
mlp,cifar10,qsgd,32,0.34103333333333335,0.010080651776045274,2.0188741580963137,0.007357128168476206,30
mlp,cifar10,randomk,1,0.2702,0.019036081891846957,2.3455199615182725,0.031687088921868695,30
mlp,cifar10,randomk,32,0.3635,0.013156223124307058,1.9129712082862855,0.006878060508605513,30
mlp,cifar10,topk,1,0.19066666666666665,0.0217498843965748,2.2731102802057093,0.02193703174252232,30
mlp,cifar10,topk,32,0.3360666666666667,0.017934619447109636,1.9480973391532899,0.00960994768200549,30
vit,cifar10,dpsgd,1,0.1471333333333333,0.030213873649691803,2.6103357597905443,0.057548844581433514,30
vit,cifar10,dpsgd,32,0.13233333333333333,0.02738025129394432,2.427798267618815,0.06649843818429553,30
vit,cifar10,none,1,0.1822,0.019121030126628854,2.3293334680542235,0.01251557579395219,30
vit,cifar10,none,32,0.2909333333333333,0.02311132478533703,2.064378427728017,0.017555467830364782,30
vit,cifar10,qsgd,1,0.2438,0.027469607029312004,2.180948480971173,0.011626111150359171,30
vit,cifar10,qsgd,32,0.28526666666666667,0.016946026557631545,2.064149033864339,0.01282128200905819,30
vit,cifar10,randomk,1,0.23016666666666669,0.02819768067416714,2.3078116877176007,0.01108648958955459,30
vit,cifar10,randomk,32,0.2901666666666667,0.017940674906255727,2.0289758865356444,0.01529351553112742,30
vit,cifar10,topk,1,0.1814,0.026892634551182376,2.308240829097966,0.010228504597086092,30
vit,cifar10,topk,32,0.2765,0.018689384779822894,2.0650044947942097,0.015341298017750062,30
cnn,fashion-mnist,dpsgd,1,0.2971333333333333,0.04969544024967678,2.1581758071905934,0.04523121618327458,30
cnn,fashion-mnist,dpsgd,32,0.18460000000000001,0.05195926786667975,2.2853179169336952,0.006109503569640085,30
cnn,fashion-mnist,none,1,0.8036,0.010115198533855377,0.7057525432608205,0.01368875630416683,30
cnn,fashion-mnist,none,32,0.7948000000000001,0.013785049372668058,0.7908205700198809,0.014343349520764638,30
cnn,fashion-mnist,qsgd,1,0.7871333333333334,0.01516969150081457,0.7788095454790993,0.012849483854369542,30
cnn,fashion-mnist,qsgd,32,0.7096666666666667,0.02451366027809567,1.2515438180446625,0.022792216254159257,30
cnn,fashion-mnist,randomk,1,0.7895000000000001,0.023867088868030864,0.7397342818641811,0.009878702675088509,30
cnn,fashion-mnist,randomk,32,0.7559,0.020477658136579507,0.9870290603081385,0.019440937064158826,30
cnn,fashion-mnist,topk,1,0.8074333333333333,0.018650475325981818,0.6963847053048443,0.010756189134850202,30
cnn,fashion-mnist,topk,32,0.7726666666666666,0.02333169123942699,0.8723910099069278,0.014843461913905193,30
mlp,fashion-mnist,dpsgd,1,0.34400000000000003,0.04415177584587994,2.0868101320024737,0.04906435553992088,30
mlp,fashion-mnist,dpsgd,32,0.21430000000000002,0.05606471014941513,2.27556567325592,0.012732365194577757,30
mlp,fashion-mnist,none,1,0.7416666666666667,0.035919770114206905,0.8711395469893636,0.010312127171966496,30
mlp,fashion-mnist,none,32,0.7821333333333335,0.020377021090084487,0.7575058102488518,0.011757122525566101,30
mlp,fashion-mnist,qsgd,1,0.7628,0.026110375794651697,0.7912905509403418,0.0069381827500248445,30
mlp,fashion-mnist,qsgd,32,0.7406,0.01302146768569717,1.1924278638998667,0.014723793621112221,30
mlp,fashion-mnist,randomk,1,0.7657333333333334,0.027379747528285286,0.8072411852930733,0.007043033342075656,30
mlp,fashion-mnist,randomk,32,0.7746,0.013553470098987119,0.9244800272186597,0.008311621967168621,30
mlp,fashion-mnist,topk,1,0.7472666666666666,0.029096668055879245,0.870416557363184,0.009374327461520553,30
mlp,fashion-mnist,topk,32,0.7785,0.01419749856549529,0.8353395334323248,0.013253374318516172,30
vit,fashion-mnist,dpsgd,1,0.17883333333333334,0.03919542842214385,2.442833158222741,0.05402818795833521,30
vit,fashion-mnist,dpsgd,32,0.15403333333333336,0.04564139329171706,2.3791361116727194,0.07104068441885883,30
vit,fashion-mnist,none,1,0.4117,0.05278332416914293,1.8870218954882911,0.039764175418896354,30
vit,fashion-mnist,none,32,0.5990333333333333,0.026107844419443856,1.4338118412653604,0.03208719273421094,30
vit,fashion-mnist,qsgd,1,0.5243666666666666,0.04168889981537162,1.5482925917679031,0.023520643266362346,30
vit,fashion-mnist,qsgd,32,0.5010333333333333,0.032050050657158664,1.7261070128122966,0.04411641764621147,30
vit,fashion-mnist,randomk,1,0.5422666666666667,0.04037661779257661,1.611173216223447,0.020067773129268503,30
vit,fashion-mnist,randomk,32,0.5702666666666667,0.0285970016915607,1.5180778970082602,0.03278673172319576,30
vit,fashion-mnist,topk,1,0.4079333333333333,0.04998615900380848,1.8588212801569026,0.03555271021018031,30
vit,fashion-mnist,topk,32,0.5597666666666666,0.021212688677287907,1.547713864771525,0.037797812008739266,30
cnn,mnist,dpsgd,1,0.23413333333333333,0.048583900649277326,2.2512532178222515,0.04939455559790343,30
cnn,mnist,dpsgd,32,0.17153333333333334,0.04174944421131883,2.2883154263178507,0.008151650468558976,30
cnn,mnist,none,1,0.9371666666666666,0.01813946608599759,0.34498272962631926,0.017240900046063653,30
cnn,mnist,none,32,0.9366,0.009197450921221342,0.49488709257145724,0.023262189756291234,30
cnn,mnist,qsgd,1,0.9239666666666667,0.025464625000906287,0.42763397738821635,0.015582872190009702,30
cnn,mnist,qsgd,32,0.8356666666666667,0.019156944060760996,1.1083297870993614,0.03281422582297417,30
cnn,mnist,randomk,1,0.9300666666666667,0.025000597694004673,0.3856208048571647,0.011518503012032099,30
cnn,mnist,randomk,32,0.8930333333333333,0.009640014785127219,0.8100691278020541,0.03258362076309596,30
cnn,mnist,topk,1,0.9315666666666667,0.017527679259670515,0.3431032603484711,0.013968770046354214,30
cnn,mnist,topk,32,0.9270666666666667,0.011758880234436253,0.5625327040771643,0.025578195809624983,30
mlp,mnist,dpsgd,1,0.23729999999999998,0.043644449028879755,2.2586002640224994,0.041629324151973554,30
mlp,mnist,dpsgd,32,0.15293333333333334,0.029975775660302465,2.292316592025757,0.00687802951083853,30
mlp,mnist,none,1,0.8569,0.03159042849367183,0.6149574175821946,0.009857486171103207,30
mlp,mnist,none,32,0.8796666666666667,0.01167766312632602,0.5627625050812959,0.012305206487011095,30
mlp,mnist,qsgd,1,0.8641666666666666,0.014676002775662906,0.5629068304757966,0.008168156448755483,30
mlp,mnist,qsgd,32,0.8387666666666667,0.012325144843055557,1.1720478398124379,0.017245781460849405,30
mlp,mnist,randomk,1,0.8635333333333333,0.019480730237203963,0.5570782737809381,0.00928342643321214,30
mlp,mnist,randomk,32,0.8579333333333333,0.01174714443168428,0.8482450405736764,0.013682243630672651,30
mlp,mnist,topk,1,0.8568333333333332,0.02200796616483777,0.6236611022615995,0.008323025197092566,30
mlp,mnist,topk,32,0.8756333333333333,0.013402221466230352,0.6339096360842387,0.01346155384730621,30
vit,mnist,dpsgd,1,0.13649999999999998,0.037221378728934246,2.5404716065729036,0.03551628675585396,30
vit,mnist,dpsgd,32,0.12373333333333333,0.04118330205090519,2.3890609341303506,0.04492397926520193,30
vit,mnist,none,1,0.24719999999999998,0.04943013181283742,2.2299854654212323,0.04983689327009567,30
vit,mnist,none,32,0.4625666666666667,0.03244909364159374,1.8055576502799986,0.03902102057895133,30
vit,mnist,qsgd,1,0.4005,0.034022051672407995,1.916363993706266,0.02364865734555706,30
vit,mnist,qsgd,32,0.34900000000000003,0.019783308882611806,2.040562928104401,0.03974611301735272,30
vit,mnist,randomk,1,0.42263333333333336,0.05112559473279123,1.9381527545718702,0.03011529702862594,30
vit,mnist,randomk,32,0.4108,0.03383978478777249,1.9027700090090434,0.040075282234133765,30
vit,mnist,topk,1,0.2955,0.03953850153266149,2.1961682230946544,0.03767005784110651,30
vit,mnist,topk,32,0.38180000000000003,0.02389979079406345,1.925504989115397,0.03394980609092921,30
